NAME,ID,Total_Amount
Iphone,4.10293E+15,9250
Samsung,5.10293E+15,9000
Xiomi,6.10293E+15,4500
MI,4.10293E+15,8700
OnePlus,5.10293E+15,6500
Sony,6.10293E+15,1300
